Region/Country/Economy,1971,1972,1973,1974,1975,1976,1977,1978,1979,1980,1981,1982,1983,1984,1985,1986,1987,1988,1989,1990,1991,1992,1993,1994,1995,1996,1997,1998,1999,2000,2001,2002,2003,2004,2005,2006,2007,2008,2009,2010,2011,2012,2013,2014,2015,2016,2017,2018,2019
Canada,340.2,357.9,375.7,385.3,377.1,389.2,401.6,403.1,417.3,422.3,402.8,385.7,379,394.4,393.9,385.8,396.6,426.7,442.3,409.3,403.7,416.5,413.6,428.8,438.5,452.8,467.5,474.2,483.7,503.5,496.2,514.4,534.3,526.2,538.9,529.6,560.1,539.9,512.5,526.2,538.7,537.2,547,552.2,549.3,541.9,553.1,565.2,571.8
Chile,21,20.6,20,19.7,17.1,17.9,18.7,19.4,20.6,21.4,21.3,18.4,19,20.2,19.6,20.2,20.5,24.8,30,29.4,28.3,29.2,31,34,37.1,42.9,49.4,50.1,52.6,48.6,46.7,47.4,48.6,53.3,54.4,55.7,63.1,66.5,64.2,68.6,75.3,77.2,81.9,75.5,81.1,85.2,86.1,85.7,94.2
Mexico,93.7,106.4,117.6,128.3,134.6,145.2,154.3,170.2,183.8,204.6,219.5,230.4,223.8,231.8,241.2,239.9,249.5,248.3,262.1,257,275.1,278,285.6,309.3,291.3,304.8,323,345.4,335.9,359.7,360.6,368.1,386.6,396,412.4,426.9,433.4,434.5,425.2,440.5,456.5,459.5,449.6,434.2,442.4,446.2,446,448.5,455
United States, 4 289.0, 4 528.0, 4 691.1, 4 540.0, 4 355.8, 4 616.8, 4 781.6, 4 771.1, 4 800.3, 4 595.8, 4 533.9, 4 321.1, 4 294.5, 4 485.6, 4 514.3, 4 478.0, 4 633.0, 4 842.0, 4 904.5, 4 803.1,4765.8,4837.7,4952.8,5024.1,5073.9,5230.5,5495,5545.4,5563.9,5729.9,5702.2,5545.5,5610.7,5688.8,5703.2,5602.4,5686.7,5512.5,5120.7,5352.1,5128.2,4903,5038.5,5046.6,4928.6,4838.5,4761.3,4921.1,4766.4
OECD Americas, 4 744.1, 5 013.0, 5 204.4, 5 073.3, 4 884.6, 5 169.1, 5 356.2, 5 363.9, 5 422.1, 5 244.1, 5 177.5, 4 955.5, 4 916.4, 5 132.0, 5 169.0, 5 123.9, 5 299.6, 5 541.8, 5 638.9, 5 498.7, 5 472.9, 5 561.5, 5 682.9, 5 796.3, 5 840.9, 6 031.0, 6 335.0, 6 415.1, 6 436.1, 6 641.7, 6 605.6, 6 475.5, 6 580.2, 6 664.4, 6 709.0, 6 614.5, 6 743.3, 6 553.5, 6 122.6, 6 387.4, 6 198.6, 5 976.9, 6 117.0, 6 108.5, 6 001.4, 5 911.8, 5 846.5, 6 020.5, 5 887.5
Australia,143.4,148.4,157.7,172.5,179.5,181.9,195.9,191.1,197.4,206.7,207.4,213.7,201.8,208,220.1,221.5,231.8,240.8,254.3,259.7,261,265.1,269,274.9,285.3,295.8,303.1,323.7,328.8,334.6,341,349,348,361.3,365.5,370.8,381.1,384.3,390.7,383.4,381.8,381.8,375.4,366.2,372.4,380.6,383.8,382.9,388.7
Israel,13.8,14.4,15.7,15.8,16.4,16.5,17.4,18.6,19,18.9,19.6,20.9,21.8,22.7,24.3,26.7,29,30.7,32,32.8,33.3,35.6,39,41.9,44.9,47.1,49.2,49.3,50.7,54.8,56.1,59.3,61,61.2,58.8,62,64.3,64.5,63.9,68.4,67.5,73.8,64.8,62.4,63.8,62.9,63.7,59.6,63.5
Japan,751,788.8,897.9,886.1,849.9,876.5,901.1,895.7,917.9,870.6,846.6,820.3,826.2,886.8,866.2,866.3,871.4,937,964.7, 1 053.9,1065.3,1075.8,1068.4,1120.6,1130.6,1143.7,1134.1,1095.9,1130.9,1147.9,1136.3,1174.5,1183.8,1179.8,1181.5,1158.3,1195.7,1131.1,1075.9,1131.8,1187.2,1226.6,1234.1,1193.3,1155.6,1145.4,1125.5,1080.7,1066.2
Korea,52.9,54.9,68.2,71.6,77.7,86.4,98.6,107.4,121.3,125.6,131.4,131.2,139.2,151.4,155.7,162.1,168.4,192,203.2,231.8,255.8,275.9,302.9,327.4,357.3,381.7,402.3,343.7,378.2,431.9,445.9,435.9,437.8,459.8,457.7,464.7,477.4,488.8,502.1,550.9,573.8,575.5,574.6,562.7,582,589.2,600,605.8,586.2
New Zealand,13.5,15.5,16.7,17.4,16.4,18.2,18.7,18.2,16.4,16.5,16.3,17.9,18.1,18.4,18.9,17.9,19.1,20.4,20.5,21.7,22.1,23.8,23.4,23.7,23.8,24.9,27.1,26.7,28.1,28.9,31.1,31,32.9,32.3,33.6,33.7,32.5,33.4,30.4,30.2,29.5,31.2,31.1,31.1,31.2,30.4,32.2,31.5,32
OECD Asia Oceania,974.6, 1 022.0, 1 156.2, 1 163.5, 1 139.9, 1 179.4, 1 231.8, 1 231.0, 1 271.9, 1 238.3, 1 221.2, 1 204.0, 1 206.9, 1 287.3, 1 285.3, 1 294.5, 1 319.8, 1 420.9, 1 474.7, 1 599.9, 1 637.6, 1 676.1, 1 702.8, 1 788.6, 1 841.9, 1 893.1, 1 915.8, 1 839.3, 1 916.6, 1 998.2, 2 010.3, 2 049.6, 2 063.4, 2 094.4, 2 097.2, 2 089.5, 2 151.0, 2 102.1, 2 063.0, 2 164.7, 2 239.7, 2 288.8, 2 279.9, 2 215.6, 2 205.1, 2 208.6, 2 205.2, 2 160.5, 2 136.5
Austria,48.6,50.4,53.8,51.1,49.5,53.9,51.3,53.7,55.9,54.4,51.6,49.8,49.4,51,52.6,51.6,52.4,50.3,50.4,56.2,60.4,55.6,55.8,56.2,59.5,63.3,62.5,63.1,61.4,61.8,66.2,67.6,72.7,74,74.4,72.1,69.1,68.6,62.6,68.3,66.6,63.4,64.1,60.4,61.5,61.7,64.1,61.5,62.8
Belgium,118,128,133.1,130.9,115.6,124.6,123.4,128.8,132.3,125.5,115.1,108.7,99.9,101.9,101,101.3,101.3,103,104.4,106.5,111.1,109.2,107,111.7,111.3,116.4,113.5,116.2,112.4,114,115.4,107.9,112.6,111.2,107.7,105.5,101.5,103.9,96.9,103.9,92.8,92.3,94.1,87.5,92.8,91.9,90.5,91.2,90.6
Czech Republic,153.5,152.4,149.4,148.5,155,159.8,169.3,165.3,174.9,168,168.6,171.3,172.5,175.1,175.3,175.2,176.3,172.8,165.3,150.2,136.9,131.7,128.8,122.5,123.2,124.6,122.7,116.9,110,121.2,121.1,117.1,121.3,121.8,118.4,118.9,121.6,116.3,109.6,112.5,109.3,105.7,101.4,98.3,99.4,101.2,101.7,100.7,95.7
Denmark,55.4,57.4,56.3,50,52.6,58.3,59.9,59.6,63.1,63.1,52.9,55,51.7,53.3,61,61.6,59.8,56,50.2,51,61.2,55.3,57.7,61.6,58.4,71.6,61.9,58,54.8,50.8,52.4,52.1,57.5,51.9,48.5,56.4,51.7,48.7,47,47.3,42.1,37.2,38.9,34.7,32.5,34.1,32,32,28.7
Estonia,..,..,..,..,..,..,..,..,..,..,..,..,..,..,..,..,..,..,..,35,31.4,23.5,18.1,17.5,15.9,16.8,16.4,15.9,14.8,14.4,14.9,14.5,16.5,16.6,16.8,15.5,19.3,17.7,14.7,18.6,17.6,16.4,18.8,17.4,15.2,15.5,16,15.7,11.6
Finland,39.9,43.6,47.9,44.2,44.2,50.4,50,54.6,54.1,54.9,45.5,44.1,42.6,44,48.3,48.5,52.2,51.5,51.5,53.8,54.6,51.8,53.1,59.6,55.7,62.2,60.2,56.8,56,54.6,60.6,63,71.2,67.2,54.9,66.5,64.5,56,53.8,62,54.6,48.9,49.7,45.7,42.4,45.2,42.4,43.8,41.5
France,423.4,438.8,474.4,456.6,423.1,463.1,448.9,467.9,474.6,455.2,407.2,389.6,373.9,361.5,351.8,341.6,335.1,333.6,349.3,345.6,370.3,359.3,340.9,335.7,343.6,359.5,351,372.5,366.6,364.7,368.2,362.5,368.3,368.9,371.7,362.4,353.6,349.3,336.2,340.1,325.5,328.8,329.3,297.6,303.9,306.1,309.9,303.5,293.2
Germany,978.1, 1 001.6, 1 052.2, 1 025.9,973.4, 1 029.2, 1 013.5, 1 051.7, 1 099.0, 1 048.2, 1 015.9,974.5,976.1,995.7, 1 004.3, 1 007.0,997.1,989.6,965.8,940,917.6,877.6,871.8,859.1,856.6,887.1,854.9,846.9,815,812.3,831.5,817.9,820.7,804.6,786.9,798.7,767,773.9,720.2,758.8,731.2,745.1,763.7,723.1,729.7,734.5,718.8,696.1,659.1
Greece,25.1,28.9,33.7,32.3,34.1,38.8,40.2,42.7,44.9,45.2,44.7,45.9,49.1,50.8,54.5,54.3,59.8,63.8,68.8,69.9,70.1,72.3,72.2,73.8,76.5,76.4,77.4,80.7,81,87.9,90,90.3,93.8,93.5,95.2,94.1,97.9,94.4,90.2,83.4,82.1,77,68.8,65.7,64.5,63.1,63.1,61.6,56.8
Hungary,60.3,62.1,66.4,68.8,70.2,73.3,76.9,84.8,83.4,82.6,81.7,82.1,78.4,80.5,79.8,78.3,79.1,74.5,73,65.7,63.5,57.1,57.4,56.6,56.2,57.3,55.8,56.1,56.7,53.3,54.9,54.2,56.8,55.1,54.7,54.2,52.5,51.8,46.9,47.1,46.3,42.7,40.2,40.1,42.7,43.8,45.8,45.6,45.7
Iceland,1.4,1.5,1.7,1.7,1.6,1.6,1.6,1.8,1.8,1.7,1.7,1.6,1.6,1.7,1.6,1.7,1.7,1.8,1.8,1.9,1.9,1.9,1.9,2.1,2,2.2,2.1,2.1,2.1,2.2,2.1,2.2,2.2,2.3,2.2,2.3,2.3,2.1,2.1,1.9,1.9,1.9,2,2,2.1,2.1,2.2,2.2,1.9
Ireland,21.6,21.4,20.8,22.6,21.1,21.9,23.5,23.2,27.1,25.9,25.7,25.3,25.1,24.9,26.5,27.5,29.1,28.1,29.2,30.1,30.7,30.8,31,32.1,32.6,34,35,37.6,39.1,40.9,43.1,42.2,42.1,42.6,44.4,45.5,44.6,44.2,39.7,39.5,35.4,35.9,34.6,34.1,35.3,36.9,35.7,35.3,33.4
Italy,289.4,306.5,328.1,331.4,317.1,342,332.6,338.3,353.9,355.4,346,341.1,336.4,342,342,343.3,362.7,366.8,384.8,389.4,388.4,385.8,382.9,378.5,401.1,398.2,401.3,411.8,417.7,420.4,420.2,427.2,445.3,455,456.4,449.2,441.5,428.9,383.7,392,384.1,366.7,337.6,319.2,329.7,325.7,321.5,317.1,302.8
Latvia,..,..,..,..,..,..,..,..,..,..,..,..,..,..,..,..,..,..,..,18.8,17.2,13.8,11.7,10.1,8.9,8.9,8.4,8,7.4,6.8,7.2,7.2,7.5,7.5,7.6,8,8.4,7.9,7.2,8.1,7.3,7,6.9,6.7,6.8,6.8,6.7,7.2,6.8
Lithuania,..,..,..,..,..,..,..,..,..,..,..,..,..,..,..,..,..,..,..,32.2,34.3,19.2,15.4,14.4,13.4,13.9,13.6,14.3,11.9,10.2,10.9,10.9,10.9,11.6,12.4,12.5,12.7,12.6,11.4,12.3,11.5,11.5,10.9,10.5,10.6,10.8,10.8,11.1,11.1
Luxembourg,16.5,16.1,17.4,16,12.7,13.6,13,14.2,13.3,12.5,10.5,9.9,9.2,10.1,10.3,10,9.4,9.9,10.6,10.7,11.2,10.9,11.2,10.3,8.2,8.3,7.8,7.1,7.5,8.1,8.7,9.4,9.9,11.2,11.5,11.3,10.7,10.6,10.1,10.7,10.5,10.3,9.8,9.3,8.8,8.5,8.6,8.9,9.2
Netherlands,127.7,142.5,148.5,140.1,132,140.7,138.5,143,153.2,145.4,143.3,134.9,130.5,135.3,138.4,141.5,145.4,143.3,146.4,147.8,153.8,152.6,157.5,156.7,163.6,173.2,165.9,166.3,160.9,161.6,166.6,166.9,169.9,171.7,167.5,163.3,164.1,164.8,160.1,170.8,158.4,157.2,156.8,149.5,157.9,158,155.6,150.9,142.8
Norway,23,23.6,23.4,22.7,23.6,25.3,26.6,27.1,28.8,27.2,25.5,24.3,24.4,25.1,26.4,29.7,27.6,27.7,27.1,27.5,26,28.9,30.5,32.1,31.4,32.4,34.1,35.8,37.2,31.9,32.9,32.5,35.1,35.6,34.5,35.5,36,35.3,35.7,40,38.2,37.1,36.9,37,37.2,36.5,35.6,36,26
Poland,287.4,299.6,312.8,325.2,338.9,362.5,375,400.1,406.1,416,385.8,391.8,394.1,409.7,422.4,428.2,443.7,432.8,413.6,344.8,346.2,337.8,338.9,333.1,333.3,349.1,337.9,312.1,302.8,289.6,288.6,282.6,293.1,296.7,296.3,308.1,306.3,301.6,291.5,307.5,303.2,296.9,292.4,279.3,282.7,293.2,305.8,305.7,292.9
Portugal,14.4,14.5,16.2,16.5,18,19.3,18.8,19.8,21.9,23.8,24.9,25.4,26.1,25,23.9,27.3,27.8,28.9,37.1,37.9,39.5,43.6,42.6,44,47.2,45.4,47.4,52.1,58.4,57.9,57.8,61.7,56.9,58.1,61.4,56.4,54.6,52.8,53.1,47.6,47.1,45.7,43.7,42.8,46.9,46.5,50.8,47.2,43.8
Slovak Republic,38.9,39.3,41,41.8,43.2,43.7,45.4,50.7,51.5,55.8,54.4,52.8,52.7,54.6,54.4,51.7,53.5,54.3,53.7,54.8,47.9,44.8,43.3,40.6,41.2,41.1,41.1,39.6,38.8,36.9,37.4,36.9,37.4,36.2,37.3,36.5,35.7,35.4,32.6,34.6,32.9,31.3,31.8,29.2,29.4,30.2,32.2,31.6,28.9
Slovenia,..,..,..,..,..,..,..,..,..,..,..,..,..,..,..,14.7,14.1,13.9,13.9,13.5,12.7,12.4,13.3,13.2,14.1,14.9,15.3,15,14.4,14.1,14.9,15.1,15,15.2,15.4,15.8,15.8,16.8,15.1,15.4,15.4,14.9,14.2,12.8,12.8,13.6,13.7,13.6,13.1
Spain,119.1,125,139.4,150.9,155.8,172.5,165.2,164.2,174.8,186.3,190.2,184.5,187.9,178.7,173,177.3,178.1,181.3,198.7,202.6,210.4,221.9,208.2,217,228.2,218,235.9,242.4,263.9,278.6,279.8,297.2,302.6,319.3,333.7,325,337.9,309.8,276.1,262.1,264.9,260.5,235.2,232.1,247.1,237.6,254,248.9,229.9
Sweden,82,82.2,83.6,76.5,79,85.9,82.9,77.6,80.1,73.1,66.2,60.5,55,54,58.4,59.9,58,55.6,52.8,52.1,53.1,55.7,55.4,57.4,56.9,62.4,56.3,57.2,56.1,52,51.2,52.7,54,52.3,48.9,47.5,45.8,44.8,41.6,46.8,43.2,40.7,39.1,37.7,37.7,37.2,36.8,34.5,32.5
Switzerland,38.9,39.4,43,38.5,36.8,38.6,39,40.1,38.7,39.3,36.9,34.9,39.1,38.5,41.8,41.7,40,39.9,39.5,40.7,43.4,43.6,41.5,40.5,41.5,42.2,41.1,42.6,42.9,42,43.4,41.9,43.2,43.5,44,43.6,41.7,43.1,41.8,43.3,39.3,40.7,41.6,37.8,37.3,37.8,36.9,35.7,36.3
Turkey,41.7,49.1,52.8,55.3,59.6,66.7,72.2,73,67.6,71.5,71.1,77.6,83.3,87.7,95.4,103.3,113.7,108.7,120.7,128.8,131.8,136.5,142.5,140.3,154,170.7,178.3,178.4,178.1,201.2,182.7,192.6,203.1,207.4,215.9,240.2,266.2,262.4,261.3,267.8,287.2,298.4,285.2,307.2,319,338.9,378.6,374.1,371.4
United Kingdom,621.1,602.2,634.2,595.2,576,582.1,592.9,591.1,623.1,570.6,554.4,541.4,533.1,516.2,543.5,558.1,562.6,561.1,547.4,549.4,560.1,547.5,530.6,523.2,513.8,533.8,511.9,514.5,511.9,520.6,535.3,521.2,533.5,533.4,531.6,532.9,521.7,507.9,460.1,476.6,439.2,461.4,447,408.7,394,372.4,359.9,352.4,339.2
OECD Europe, 3 625.3, 3 726.1, 3 929.8, 3 842.8, 3 733.1, 3 968.0, 3 960.7, 4 073.1, 4 224.0, 4 101.3, 3 919.7, 3 827.0, 3 792.2, 3 817.3, 3 886.6, 3 920.4, 3 966.6, 3 935.4, 3 941.9, 3 956.9, 3 985.7, 3 881.4, 3 821.3, 3 800.0, 3 848.5, 3 983.9, 3 909.5, 3 920.1, 3 880.0, 3 910.0, 3 957.8, 3 947.5, 4 053.0, 4 064.2, 4 050.3, 4 077.8, 4 044.6, 3 961.6, 3 701.0, 3 818.9, 3 687.8, 3 675.6, 3 594.8, 3 426.1, 3 479.9, 3 489.4, 3 529.6, 3 464.3, 3 307.6
Albania,3.9,4.4,3.9,4.1,4.3,4.7,5,5.6,6.7,6.8,5.8,6.1,6.7,7.2,6.9,7,7.2,7.2,6.8,5.7,3.8,2.1,2,2,1.8,1.9,1.4,1.8,2.9,3.1,3.2,3.8,3.8,4,3.8,3.8,3.8,3.7,3.8,3.9,4.1,3.5,3.6,4.1,3.8,3.7,4.3,4.3,..
Armenia,..,..,..,..,..,..,..,..,..,..,..,..,..,..,..,..,..,..,..,19.8,20.7,10.7,4.9,2.7,3.4,2.4,3.2,3.3,2.9,3.4,3.5,2.9,3.3,3.5,4.1,4.2,4.8,5.3,4.3,4,4.7,5.4,5.2,5.2,5.1,4.9,5.2,5.4,..
Azerbaijan,..,..,..,..,..,..,..,..,..,..,..,..,..,..,..,..,..,..,..,53.5,52.1,42.4,37.4,33.3,32.4,27.1,26.3,26.3,25.8,27.3,25.8,25.5,27.8,27.4,29,29.4,26.7,28.8,24.5,23.5,26.4,28.9,29.5,30.8,30.8,31.4,30.8,30.9,..
Belarus,..,..,..,..,..,..,..,..,..,..,..,..,..,..,..,..,..,..,..,99.9,96.2,86.9,75.4,64,57,57.8,58.2,56.3,54.1,52.1,50.9,50.8,51.4,54.5,55,57.2,55.7,58.4,55.3,59.5,56.4,57.6,57.5,56.8,52.6,53,54,57.1,..
Bosnia and Herzegovina,..,..,..,..,..,..,..,..,..,..,..,..,..,..,..,..,..,..,..,24,21.4,15.9,13.3,3.1,3.3,4.1,8.4,10.6,10.4,13.7,13.5,14.2,14.5,15.2,15.9,17.5,18.4,20.2,20.2,20.5,23.4,21.6,21.5,19.2,19.3,22,22.3,22.2,..
Bulgaria,63.8,65.9,67.7,68.8,73.3,73.2,76,79,82.2,85,81.1,82.7,81.3,79.4,82.2,83.2,84.2,83.2,82.6,71.5,57.4,54.1,54.5,52.1,52.7,53.1,51.8,49.5,43.2,42.1,45,42.4,46.6,45.8,46.3,47.4,50.7,48.2,42,44,48.9,44.1,38.9,41.3,43.6,40.5,42.8,39.9,..
Croatia,..,..,..,..,..,..,..,..,..,..,..,..,..,..,..,..,..,..,..,20.3,14.6,14.1,14.8,14,14.8,14.7,16.2,17.6,17.4,16.8,17.8,18.9,20.2,19.6,19.9,20,21.2,20.2,19.1,18.2,18,16.4,15.9,15.1,15.5,15.9,16.2,15.3,..
Cyprus,1.7,2.2,2.3,1.7,1.7,1.9,2.1,2.2,2.4,2.6,2.5,2.6,2.6,2.7,2.8,3,3.6,3.7,3.8,3.9,4.4,4.7,4.9,5.1,5,5.3,5.5,5.8,6.1,6.3,6.2,6.3,7,6.9,7,7.1,7.4,7.6,7.5,7.3,7,6.5,5.6,5.8,5.9,6.3,6.4,6.3,..
Georgia,..,..,..,..,..,..,..,..,..,..,..,..,..,..,..,..,..,..,..,33.5,25.5,19.9,16,10.4,8.1,6.3,5.5,4.9,4.4,4.6,3.4,2.8,3,3.2,4.1,4.5,5.5,4.7,5.3,5,6,6.6,7.2,7.8,8.5,9,8.9,8.8,..
Gibraltar,0.1,0.1,0.1,0.1,0.1,0.1,0.1,0.1,0.1,0.1,0.1,0.1,0.1,0.1,0.1,0.1,0.1,0.1,0.1,0.1,0.2,0.2,0.2,0.3,0.3,0.3,0.3,0.3,0.3,0.3,0.3,0.4,0.4,0.4,0.4,0.4,0.4,0.4,0.5,0.5,0.5,0.5,0.5,0.5,0.6,0.6,0.6,0.7,..
Kazakhstan,..,..,..,..,..,..,..,..,..,..,..,..,..,..,..,..,..,..,..,237.3,246.4,252.4,216.2,194.4,170.5,148.3,125.6,128.3,115.9,112,109.2,119.6,134.8,146.4,156.9,172.9,187.2,230.3,202.7,221.1,234.8,233.8,249.2,197.9,199.1,216.2,218.8,214,..
Kosovo,..,..,..,..,..,..,..,..,..,..,..,..,..,..,..,..,..,..,..,..,..,..,..,..,..,..,..,..,..,5.1,6.5,6.4,6.8,6.8,6.6,6.7,7,7.6,8.4,8.7,8.6,8.1,8.3,7.4,8.6,9.1,8.2,8.3,..
Kyrgyzstan,..,..,..,..,..,..,..,..,..,..,..,..,..,..,..,..,..,..,..,22.8,20.4,13.3,9.8,6.4,4.5,5.5,5.4,5.7,4.6,4.5,3.8,4.7,5.3,5.2,4.9,4.9,6,7,6.5,6,7.2,9.6,8.7,9,9.7,9.2,8.8,10.5,..
Malta,0.7,0.8,0.8,0.7,0.7,0.7,0.8,0.9,0.9,1,1.1,1.3,1,1.3,1.2,1.9,2,2.1,2.3,2.3,2.2,2.2,2.8,2.5,2.4,2.3,2.5,2.4,2.4,2.1,2.5,2.3,2.6,2.6,2.6,2.6,2.7,2.7,2.5,2.6,2.6,2.7,2.4,2.3,1.7,1.3,1.5,1.5,..
Republic of Moldova,..,..,..,..,..,..,..,..,..,..,..,..,..,..,..,..,..,..,..,30.5,24.6,19.8,17,13.8,11.9,10.2,9.3,8.4,7.1,6.5,6.8,7,7.5,7.5,7.8,7.5,7.4,7.4,7.3,7.9,7.9,7.7,6.7,7.2,7.6,7.7,7.5,8,..
Montenegro,..,..,..,..,..,..,..,..,..,..,..,..,..,..,..,..,..,..,..,..,..,..,..,..,..,..,..,..,..,..,..,..,..,..,2,2.2,2.1,2.7,1.7,2.6,2.5,2.3,2.3,2.2,2.4,2.1,2.2,2.5,..
Republic of North Macedonia,..,..,..,..,..,..,..,..,..,..,..,..,..,..,..,..,..,..,..,8.6,8.4,8.3,8.6,8.4,8.3,9.9,8.8,9.7,8.9,8.5,8.7,8.1,8.8,8.5,8.9,8.9,9.3,9.1,8.5,8.3,9.1,8.8,7.9,7.4,7.1,6.9,7.4,6.9,..
Romania,114.7,118.3,129.1,129.8,140.6,153.5,160.7,174.4,178.7,177.4,178.7,176.5,178.7,174.9,174.9,180,188.9,193.8,189.9,168.2,139.2,123.1,114.8,112.3,117.6,120.8,110.4,96.5,82.9,86.2,91.3,90.9,97,93.7,92.6,95.3,92.4,91.1,77.4,74.7,80.9,78.6,69.3,68.5,69.6,68,70.8,71.6,..
Russian Federation,..,..,..,..,..,..,..,..,..,..,..,..,..,..,..,..,..,..,..,2163.5,2136.4,1959.3,1799.8,1596.4,1548.3,1521.7,1414.8,1406.6,1443,1474.4,1474.7,1465.9,1493.9,1488.2,1481.9,1537.7,1533.7,1553.8,1440.7,1529.2,1604.7,1607.9,1568.5,1551.6,1534.5,1510.6,1536.8,1587,..
Serbia,..,..,..,..,..,..,..,..,..,..,..,..,..,..,..,..,..,..,..,61.9,52.2,48,42.7,38.9,44.5,51.7,56.3,56.2,40,42.9,45,48.6,52.1,56.3,50.3,52.5,51.2,49.9,46,45.6,49.8,44.6,45.4,38.1,44.5,45.5,46.1,44.8,..
Tajikistan,..,..,..,..,..,..,..,..,..,..,..,..,..,..,..,..,..,..,..,11,10.2,7.5,5,2.9,2.5,2.2,2.5,2.8,2.5,2.2,2.1,2.1,2.1,2.5,2.3,2.5,3.1,2.9,2.3,2.3,2.4,2.9,3,4,4.2,5.4,5.8,6.8,..
Turkmenistan,..,..,..,..,..,..,..,..,..,..,..,..,..,..,..,..,..,..,..,44.6,37.8,27.7,26.2,32.6,33.3,29.5,29.8,30.4,35.6,36.7,37.9,39.7,44.2,46.6,48.1,49.2,55.8,56.5,50,56.9,61.8,64.1,65.5,67,69.1,69,69,69.1,..
Ukraine,..,..,..,..,..,..,..,..,..,..,..,..,..,..,..,..,..,..,..,688.6,651.9,566,492.9,410.7,395.8,344,325.8,306.5,303.2,295.1,298.1,301.1,326.6,302.9,290.6,298.5,306,295,249.7,266.6,279.6,274,265.2,234.3,187.6,197.6,171.3,181.8,..
Uzbekistan,..,..,..,..,..,..,..,..,..,..,..,..,..,..,..,..,..,..,..,117.8,118.6,110.6,111.4,105.1,94.6,95.7,96.9,112.1,113.4,120.2,121.1,123.7,116.5,119.3,112.5,119.6,115.8,121.4,111.4,119.6,122.2,108.5,110.3,102.4,97,102.9,107.1,108,..
Former Soviet Union (if no detail), 1 941.7, 2 054.8, 2 189.5, 2 311.8, 2 480.7, 2 572.0, 2 632.0, 2 757.0, 2 833.2, 2 935.7, 2 924.8, 2 958.6, 2 987.6, 3 033.0, 3 078.3, 3 156.7, 3 259.7, 3 299.4, 3 313.4,..,..,..,..,..,..,..,..,..,..,..,..,..,..,..,..,..,..,..,..,..,..,..,..,..,..,..,..,..,..
Former Yugoslavia (if no detail),61.8,61,66.3,71.5,73.5,74.8,78.5,84.6,87.5,84.2,96.3,102.3,110.6,113.9,119.6,125.7,118.4,124.2,125.1,..,..,..,..,..,..,..,..,..,..,..,..,..,..,..,..,..,..,..,..,..,..,..,..,..,..,..,..,..,..
Non-OECD Europe and Eurasia, 2 188.3, 2 307.5, 2 459.7, 2 588.5, 2 774.8, 2 881.0, 2 955.1, 3 103.9, 3 191.9, 3 292.7, 3 290.4, 3 330.2, 3 368.6, 3 412.6, 3 465.9, 3 557.6, 3 664.2, 3 713.6, 3 724.1, 3 889.3, 3 744.7, 3 389.2, 3 070.8, 2 711.4, 2 612.9, 2 514.6, 2 364.9, 2 341.9, 2 327.0, 2 366.3, 2 377.2, 2 388.2, 2 476.4, 2 467.0, 2 453.8, 2 552.6, 2 574.5, 2 634.8, 2 397.6, 2 538.8, 2 669.6, 2 644.9, 2 598.2, 2 486.1, 2 428.3, 2 438.8, 2 453.0, 2 511.8,..
Algeria,8.6,9.6,11,11.9,13.6,15.9,17.7,21.5,27,27.7,32.1,38.2,41.8,40.8,42.1,47.3,47.1,49.5,49.5,51.2,54.7,55,56.7,54.6,55.3,54.9,56,57.5,60.9,61.5,63,68.1,72,73.4,77.5,80.8,84.9,87.3,94.2,95.6,102.9,112.5,115.8,123.2,130.5,127.9,130.5,137.3,..
Angola,1.6,2.4,2.2,2.3,2,1.9,1.5,2.6,2.5,2.7,2.5,2.2,2.3,2.2,2.8,2.8,2.8,3.2,3.3,3.9,4,3.9,4.2,4.2,3.9,4.2,4.3,3.7,4.7,4.6,5,5.5,7.1,7.7,6.1,8.3,9.7,11.8,13.9,15.2,16.1,16.4,19.3,20.9,21.5,21.5,18.9,18.8,..
Benin,0.3,0.4,0.4,0.4,0.5,0.3,0.3,0.4,0.4,0.4,0.3,0.4,0.4,0.4,0.5,0.4,0.4,0.4,0.3,0.3,0.2,0.2,0.2,0.2,0.2,0.9,1.2,1.2,1.3,1.4,1.7,2,2.3,2.4,2.7,3.2,3.8,3.8,4.2,4.6,4.4,4.2,4.5,5,5.3,6.5,6.7,7.2,..
Botswana,0.1,0.1,0.2,0.4,0.5,0.7,0.8,0.9,1.1,1.1,1.4,1.4,1.4,1.4,1.5,1.7,1.8,2.2,2.4,2.8,2.7,3.3,3.2,3.1,3.2,2.9,3.1,3.7,3.9,4,3.9,4,3.9,4,4.3,4.1,4.3,4.4,4.1,3.3,3.9,5,5.4,7,7.1,7,7.7,8.1,..
Cameroon,0.7,0.8,0.8,0.8,1,0.9,1.3,1.4,1.5,1.7,1.8,1.9,2,2.1,2.4,2.3,2.3,2.5,2.7,2.6,2.4,2.3,2.4,2.6,2.5,2.4,2.6,2.7,2.4,2.8,2.7,2.9,3,3,2.9,3.1,4.1,4.3,4.8,5.1,4.9,4.9,5.3,6,5.9,6.1,6,6.3,..
Congo,0.6,0.6,0.6,0.6,0.6,0.7,0.6,0.7,0.7,0.7,0.7,0.8,0.8,0.7,0.8,0.7,0.7,0.7,0.7,0.6,0.7,0.6,0.6,0.4,0.5,0.4,0.3,0.3,0.4,0.5,0.6,0.5,0.8,0.8,0.8,1,1.1,1.4,1.6,1.8,2.1,2.2,2.5,2.6,3.2,3,2.8,2.8,..
Côte d'Ivoire,2.4,2.7,2.7,2.8,3,3.5,3.4,4,3.7,3.4,3,3,3.7,3.3,3,3.1,3,3.1,2.9,2.7,2.8,2.8,3,3.1,3.3,3.9,4.8,4.8,6.7,6.3,6.3,6.4,5.2,5.4,5.8,5.6,5.5,6.4,5.9,6.2,6,7.9,8.5,9,9.6,9.3,10.4,9.9,..
Dem. Rep. of Congo,2.6,2.6,2.6,2.7,2.6,2.7,2.8,2.9,3.2,3.2,3.4,2.6,3.6,3.5,3.3,3,3.3,3.5,3.3,3,1.6,1.4,1.4,1.2,1.1,1.2,1.2,1.3,1.3,0.9,0.7,0.8,0.9,1,1.3,1.4,1.5,1.7,1.7,1.9,2.3,2.3,3.5,4.7,2.7,2,2.2,2.1,..
Egypt,20.1,22.5,20.7,23.4,25.6,29.9,32,32.9,36.4,40.8,46.6,50.4,56.3,61.8,64.5,65.7,70.8,72.1,75.8,77.9,77.3,80.1,81.9,76.6,81.5,86,92.8,97.8,102.1,100.1,111.7,113.5,117.8,128.5,145,152.1,163.6,170.9,174.4,176.9,182.7,189.1,189.4,194.3,203.3,210.9,216.8,223.6,..
Equatorial Guinea,..,..,..,..,..,..,..,..,..,..,0.1,0.1,0,0,0,0,0.1,0.1,0.1,0.1,0.1,0.1,0.1,0.1,0.1,0.1,0.1,0.1,0.2,0.6,0.9,2.8,3,3.8,5.9,7,6.1,7.5,7.7,7.9,8.3,8.6,7.9,6.8,5.7,4.5,4.9,6,..
Eritrea,..,..,..,..,..,..,..,..,..,..,..,..,..,..,..,..,..,..,..,..,..,0.4,0.6,0.7,0.8,0.9,0.8,0.6,0.6,0.6,0.7,0.7,0.7,0.7,0.6,0.5,0.5,0.4,0.5,0.5,0.5,0.5,0.5,0.6,0.6,0.6,0.6,0.7,..
Ethiopia,1.3,1.2,1.3,1.3,1.2,1.2,1.2,1.3,1.3,1.4,1.5,1.4,1.5,1.3,1.4,1.6,1.9,1.9,2,2.2,2.2,1.4,1.8,2.1,2.3,2.6,2.8,2.9,2.9,3.2,4,4.2,4.6,4.8,4.4,4.7,5.4,6.2,6.3,5.8,6.7,7.1,8.3,10.2,10,11.8,12.3,13.1,..
Gabon,0.5,0.5,0.6,0.6,0.8,1.2,1.3,1.7,1.3,1.3,1.6,1.8,1.8,1.5,1.7,1.5,1.3,1.4,1.1,0.9,1.1,1.1,1.2,1.2,1.3,1.4,1.5,1.6,1.5,1.5,1.5,1.4,1.4,1.4,1.7,1.8,1.9,2,2.1,2.7,3,3.1,3.3,3.3,3.3,3.5,2.5,2.5,..
Ghana,1.9,2,2.1,2.2,2.3,2.3,2.5,2.5,2.2,2.2,2.7,2.3,1.5,1.8,2.1,2.2,2.3,2.4,2.6,2.5,2.3,2.7,2.7,2.9,3.2,3.5,3.6,5.4,5.8,4.9,5.4,6.7,6.4,5.9,6.3,7.7,8.4,7.9,9.3,10.3,10.9,12.8,13.7,13.1,14,12.8,13.2,14.7,..
Kenya,3.2,3.4,3.5,3.5,3.5,4,4.2,4.2,4.1,4.4,4.3,4.1,3.7,4.5,4.6,5.2,5.4,5.4,5.7,5.5,5.3,5.3,5.3,5.3,5.7,6.2,6,6.6,6.9,7.8,7.1,6.8,5.9,6.7,7.5,8.4,8.4,8.8,10.4,11.2,11.3,10.4,12.1,12.9,14.8,16.3,16.4,15.9,..
Libya,3.7,5.4,5.8,6.8,8.7,9.2,10.7,11.9,12.8,17.6,18.2,19.7,20.4,21.5,21.2,22.1,22.7,25.1,26.8,25.8,25.7,25.4,26.7,31.1,33,34.7,34.5,35.3,34.5,36.7,37.8,39.8,41.5,42.4,43.1,42,39,42.2,45.3,48.2,34.4,44.4,48.3,50.8,45.3,43.8,45,45.6,..
Mauritius,0.3,0.3,0.3,0.4,0.4,0.5,0.6,0.6,0.6,0.6,0.6,0.5,0.6,0.6,0.6,0.8,0.8,0.9,1,1.2,1.3,1.3,1.5,1.5,1.6,1.6,1.6,1.8,2.2,2.4,2.6,2.6,2.7,2.8,3,3.3,3.4,3.5,3.4,3.7,3.6,3.7,3.8,3.9,4,4,4.2,4.1,..
Morocco,6.6,7.2,8.3,9.1,9.7,10.6,11.6,12.4,13.3,13.7,13.9,14.5,15.3,15.6,16.3,16.8,17.2,18,19.4,19.7,20.6,22.1,22.8,25,26.1,25.7,26.9,27.5,29.1,29.6,32.2,33.3,33.1,36.6,39.2,40.5,41.3,43.2,43.2,46.4,50.8,52.2,51.5,53.5,55.4,55.3,58.1,58.9,..
Mozambique,2.9,2.7,2.8,2.7,2.4,2.4,2.3,2,1.9,2.3,2,1.9,1.7,1.5,1.5,1.5,1.5,1.5,1.5,1.1,0.9,1.1,1.3,1.1,1.1,1.1,1.2,1.2,1.1,1.3,1.3,1.4,1.7,1.7,1.5,1.6,2,2,2.2,2.4,2.8,2.6,3,3.9,5,5.1,5.3,5.9,..
Namibia,..,..,..,..,..,..,..,..,..,..,..,..,..,..,..,..,..,..,..,..,1.1,1.2,1.4,1.6,1.8,1.9,2,2,2,1.9,2.5,2.1,2.3,2.4,2.5,2.5,2.6,3,3,3.1,3.2,3.3,3.5,3.7,3.9,4,4,3.9,..
Niger,..,..,..,..,..,..,..,..,..,..,..,..,..,..,..,..,..,..,..,..,..,..,..,..,..,..,..,..,..,0.7,0.6,0.7,0.7,0.8,0.7,0.7,0.8,0.8,1.1,1.4,1.4,1.9,1.8,2,2,2,2,2.3,..
Nigeria,5.7,6.8,8.4,9.2,10.8,13.7,16.8,20.5,21.1,25.4,28.3,32,33,30.5,31.8,30.3,31.2,32.7,33.2,28.1,32.9,39.6,36.2,30.5,32.8,36.4,41.4,37.5,39.3,43.8,49.2,50.9,54.1,54,56.6,51.4,47.7,52.9,44.1,56.9,66.4,70.5,80.9,88.9,82.5,84.2,86,104.3,..
Senegal,1.2,1.3,1.4,1.5,1.6,1.7,1.8,1.8,2,2,2,1.9,1.9,2,2.1,2,2.1,2,2.1,2.1,2.1,2.3,2.3,2.3,2.5,2.6,2.9,3.2,3.6,3.5,3.8,3.9,3.8,4.4,4.6,4.4,5,5.2,5.4,5.5,5.8,5.7,6,6.7,7.5,8.1,7.8,8.1,..
South Africa,157.1,162.9,178.5,185.3,203,216.8,217.3,194.7,198.8,208.4,219.5,216.1,208,220.4,223,219.5,234.7,233.5,236.8,243.8,238.7,235.4,242.8,248.2,259.8,269.6,284,292,274.3,280.5,316.5,326.8,348.3,375.3,372.3,374.2,391.5,421.6,398.6,420.3,404.7,422.3,432.2,443.2,419.5,419.9,429.9,428,..
South Sudan,..,..,..,..,..,..,..,..,..,..,..,..,..,..,..,..,..,..,..,..,..,..,..,..,..,..,..,..,..,..,..,..,..,..,..,..,..,..,..,..,..,1.4,1.5,1.5,2,1.7,1.5,1.4,..
Sudan,3.2,3.4,4.5,4.3,3.2,3.2,3.4,3.1,3.1,3.7,3.6,3.7,3.8,3.3,4,3.9,3,4.4,4,5.3,4.7,4.4,3.1,4.6,4.3,4.1,5.1,4.6,5.1,5.5,6,7.5,7.6,8.4,9.9,12.4,13.3,14.4,14.7,15.1,14.2,13.9,13.1,14,16.4,18.9,18.8,18.6,..
United Rep. of Tanzania,1.4,1.6,1.7,1.5,1.4,1.4,1.4,1.5,1.5,1.5,1.5,1.3,1.4,1.4,1.5,1.5,1.5,1.6,1.6,1.7,1.6,1.6,1.7,1.8,2.5,2.8,2.6,2.4,2.2,2.6,2.8,3.2,3.3,4.6,5.1,5.5,5.3,5.4,5.2,6,7.2,8.9,9.9,9.6,10.5,9.7,10.1,10.3,..
Togo,0.3,0.4,0.3,0.3,0.3,0.3,0.3,0.3,0.4,0.4,0.4,0.4,0.3,0.3,0.3,0.5,0.5,0.5,0.5,0.6,0.5,0.4,0.3,0.6,0.6,0.9,0.7,0.8,1.1,0.9,0.8,0.9,1.1,1,1,0.9,0.9,1.1,2.3,2.1,1.9,1.6,1.3,1.2,1,1.5,1.3,1.4,..
Tunisia,3.7,4.1,4.2,4.8,4.8,5.1,5.7,6.3,7.3,7.9,8.1,7.9,9.1,9.4,9.7,9.9,10,10.8,11.7,12.2,12.5,13.3,13.7,13.8,14,14.8,15.4,16.1,16.9,17.6,18.5,18.5,18.3,19,19.5,20.2,21,21.1,21.1,23.3,22.2,23.5,23.6,25,25.6,25.2,26.2,26.2,..
Zambia,3.4,3.8,4.1,4.1,4.3,4.3,3.8,3.6,3.2,3.3,3,2.8,2.7,2.7,2.7,2.8,2.7,3,3.1,2.6,2.7,2.7,2.4,2,2,1.6,2.1,2,1.6,1.7,1.7,1.8,1.9,2,2.1,2,1.8,2,2.1,2.2,2.6,3.4,3.5,3.9,4.3,4.5,5.9,6.7,..
Zimbabwe,7.2,6.9,8,7.7,7.2,8,6.9,7.1,7,8,7.9,7.8,8,8.3,9.7,10.9,14.4,14,14.4,16.2,17.9,18.1,16.7,15.5,15.1,14.5,13.4,13.6,15.4,13.3,13.6,12.2,10,9.6,10.3,9.6,9.6,7.4,7.5,9.5,11.1,11.5,11.9,11.6,11.9,10.4,9.7,11.7,..
Other Africa,8.5,8.3,8.6,9.2,9.7,10.1,10.4,10.1,11.3,12.5,11,10.1,10.2,10.2,10.8,10.7,13.9,14.2,13.8,14.2,15.5,15.8,16.1,16.9,17.3,17.7,19.3,20.3,20.9,20.5,21.1,20.8,22.3,23.3,24.2,25.2,27,28.4,28.3,30.4,26.1,28,29.5,30,32.4,32.8,36.5,38.4,..
Africa,249.2,264,285.8,299.7,324.6,352.6,362.9,353,369.8,398.1,421.9,431.2,437.4,453.3,465.7,470.8,499.5,510.2,522.3,530.7,536.3,545.4,554.2,554.7,579.2,601.4,634.2,650.8,651.1,663.4,726.4,752.6,787.5,837.8,868.5,886.1,921.4,978.8,968.6, 1 025.3, 1 024.6, 1 085.9, 1 125.4, 1 172.9, 1 166.3, 1 174.7, 1 204.0, 1 244.9,..
Bangladesh,2.9,2.9,3.4,3.9,4.4,4.7,4.8,5.2,5.7,6.6,6.4,6.9,6.4,6.4,7.7,8.5,9.4,9.8,10.5,11.4,10.8,11.7,12.5,13.5,16.5,16.7,18.7,19,19.7,20.9,24.8,26.6,27.8,29.7,32,35.2,37.3,40.9,44.1,49.9,53.7,57.3,59.8,63,70.9,72.9,77.9,82,..
Brunei Darussalam,0.4,0.4,0.7,1.1,1.4,1.9,2,1.9,2,2.6,2.6,2.7,2.9,2.9,2.9,2.9,3,3.1,3.1,3.3,3.4,3.6,3.9,4.1,4.5,4.7,5.1,4.3,4.2,4.4,4.3,4.4,5.2,4.9,4.8,7.2,6.8,7.2,7.4,6.9,7,7,6.9,6.7,6,6.4,6.7,7.1,..
Cambodia,..,..,..,..,..,..,..,..,..,..,..,..,..,..,..,..,..,..,..,..,..,..,..,..,1.5,1.5,1.6,1.9,1.9,2,2.2,2.2,2.4,2.4,2.6,2.9,3.6,3.7,4.4,4.6,4.8,5.1,5.2,6.1,8,9.3,10.8,10.5,..
DPR of Korea,69.2,71.5,72.9,75.9,78.6,84.6,89.5,94.9,101.7,108.1,111.3,116.6,121.2,124.4,129.4,127.1,121.6,123.4,122.7,116.8,110.8,97.8,89.8,81.9,76.5,67.1,64.7,59.6,65,70,72.3,69.1,70.5,72.1,75.3,76.5,63.3,70.4,52.9,49.3,34.7,36.1,25.1,28.7,22.5,27.3,19.6,15.3,..
India,180.9,188.1,187.9,203.4,217.2,232.2,236.5,231,250.6,263.4,289.6,306.1,326.6,360.4,376.5,410.2,442.1,466.8,501.6,530.1,571.5,595.4,620.9,655.4,704.3,737.7,779.1,795,854.6,889.8,904.8,934.7,959, 1 028.3, 1 075.0, 1 148.4, 1 265.9, 1 349.2, 1 481.6, 1 572.1, 1 662.6, 1 805.3, 1 861.0, 2 027.4, 2 036.9, 2 070.9, 2 190.8, 2 307.8, 2 309.1
Indonesia,25.2,28.3,32.1,35.3,37.8,38.8,46.4,52.5,59.4,67.6,73.1,75.7,75.5,76.7,84.2,93.8,96.2,102.6,107,131.3,141.8,149.4,162.3,174.9,200.1,210.7,232.4,238.6,255.8,255,274.3,279.9,308.6,315.8,317.6,339,355.2,350.6,365.8,391.7,449.8,451.1,416.9,452.3,453.9,454.3,492.7,542.9,..
Lao People's Democratic Republic,..,..,..,..,..,..,..,..,..,..,..,..,..,..,..,..,..,..,..,..,..,..,..,..,..,..,..,..,..,0.9,1,1,1.1,1.1,1.2,1.5,1.6,1.9,2.2,2.4,2.6,2.7,3.3,3.5,7.7,14.4,17.6,17.8,..
Malaysia,12.8,12.6,13,15.2,16.2,17.7,17.5,19.5,21.7,23.7,25.4,26.6,29.5,30,32.9,32.3,33.7,35.7,41.8,49.6,59.9,62.9,67.8,73,79.6,90.9,97.3,97.7,106.3,115.1,120.4,126.5,132.8,146.6,155.8,161.8,178.1,190.3,169.8,189.9,191.5,192.8,208.7,220.2,220.2,216.3,210.8,228,..
Mongolia,..,..,..,..,..,..,..,..,..,..,..,..,..,..,11.8,12.8,13.5,14.4,13.7,12.8,14.7,12.8,11.8,10.3,10.2,8.7,8.5,8.5,8.6,9,8.9,9.5,9.3,9.5,11,12.3,12.9,12.9,13.5,14.1,15.6,17,18.3,17.9,17.1,18,19.3,21.1,..
Myanmar,4.5,4.4,3.4,4,3.9,4.2,4.5,4.6,4.8,5.1,5,5.2,5,5.5,5.7,6.1,4.5,4.3,4.2,3.9,3.8,4.1,4.7,5.5,6.7,7.1,7,7.8,8.6,9.3,8.2,8.1,10.3,9.9,10.5,9.7,10.1,7.6,7.2,7.9,8.1,11.4,13.2,16.5,18.7,20.9,30.4,31.5,..
Nepal,0.2,0.3,0.4,0.4,0.3,0.2,0.3,0.3,0.5,0.5,0.4,0.5,0.7,0.8,0.6,0.7,0.7,0.7,0.6,0.9,1.1,1.1,1.3,1.6,1.8,1.8,2.1,2.2,3,3.1,3.4,2.7,2.9,2.7,3.1,2.5,2.6,2.9,3.4,4.1,4.4,5,4.9,5.9,5.7,8.5,10.2,11.2,..
Pakistan,15.9,16,17,18,20,19.1,20.3,21.3,23,24.3,26.3,29.2,30.6,33.1,36.5,38.5,45.2,49,53.2,56,57.1,63.8,70.4,73,79.2,82.2,85.7,86.6,94.9,94.4,95.4,97.9,100.5,112.7,115,124.4,136.3,130.4,133.7,129.2,130.7,132.3,133.1,141.3,150.7,166.3,183.4,194.1,..
Philippines,23.8,24.7,27.7,26.6,29.3,29.1,32.4,33.7,34.9,32.6,30.8,31.1,33.2,29.6,29.3,27.1,33.3,35,36.7,38.1,37.3,40.8,44,47.4,57.3,62.2,69,69.4,67.1,68.1,67.9,66.8,69,70.5,71.5,65.5,69,71.2,71.5,77.1,77.8,80.4,89.6,95.7,103.9,114.8,126.5,132.1,..
Singapore,6.1,7.2,8.1,8.5,8.4,9.1,10.2,11.8,12.7,12.7,13.5,14,15.1,15.7,16.6,16.8,17.2,19.7,21.1,29,30.5,31.4,36.2,38,37.6,38.5,38.2,37,37.8,42.1,42,41.3,38.2,39.6,36.9,37.2,38.3,38.4,38.8,42.4,44.8,43.7,43.9,44.5,45.5,46.2,47.4,47.4,..
Sri Lanka,2.8,3.4,3.5,2.9,2.6,2.7,2.9,3.3,3.6,3.6,3.8,4.2,4.4,3.8,3.5,3.4,4,3.8,3.6,3.7,3.8,4.9,4.8,5.4,5.5,8,8,8.3,9.1,10.5,10.4,11,11.9,12.3,13.4,11.8,12.9,12.1,11.6,12.4,14.7,16.1,13.7,16.9,19.5,20.9,22.3,20.6,..
Chinese Taipei,30,34.1,38.4,37.4,41,49.6,53.5,60.5,64,71,64.9,64.4,68.3,69.8,67.4,78.9,83.4,97.6,106.4,108.6,117.5,124.9,134,141.8,149.9,157.4,168.9,181.1,190.7,208.4,213.3,220.6,229.4,237.3,240.4,247.9,250.1,238.9,227.1,242.6,247.4,243.1,243.6,249.6,249.6,254.4,260.6,257,..
Thailand,16.2,18.3,20.7,20.6,21.2,24.1,26.7,30,32.1,33.7,32.6,31.1,34.6,38,42.1,43.4,50,57.1,66.2,80.9,90,98.2,110.7,123.5,139.9,157.1,161,146,151.7,152.3,160,169.4,177.1,193.8,200.2,201.7,209.4,215.2,207.2,223.4,221.8,238.9,247.4,243.9,247.8,243.9,243.8,241,..
Viet Nam,16.3,15.9,17.6,14.4,17,11.8,12.7,13.4,14.2,14.9,15.3,16.4,17.5,17.4,17.4,19.1,21.6,20.9,17.6,17.4,17.1,17.7,21.1,23.4,27.5,30.9,36.4,40.2,40.3,44.2,48.8,57.2,60.3,73.5,79.2,81.6,90,101.2,112,126.7,126,125.2,130.5,144.4,182.6,193.6,191.2,226.5,..
Other Asia,10.6,10.4,11.6,13.7,12.8,12.4,14,14.3,15.9,16.7,17.1,16.7,18.1,18.5,10.2,9.7,10.2,10,9.9,10.3,10.1,9.3,9.3,9.8,9.3,9.8,10.1,10.6,10.7,12.2,13,13,14.2,15.1,15.3,15.6,15.9,17.7,20.6,23,27.1,24.9,23.9,25,26.7,26.8,26.5,27.3,..
Asia (excl. China),417.7,438.5,458.4,481.3,512.1,542,574.2,598.2,646.7,687.2,718.1,747.3,789.7,833,874.7,931.4,989.7, 1 053.9, 1 119.8, 1 204.0, 1 281.3, 1 329.7, 1 405.3, 1 482.4, 1 607.9, 1 693.1, 1 793.7, 1 813.9, 1 929.8, 2 011.7, 2 075.4, 2 141.8, 2 230.5, 2 377.9, 2 460.8, 2 582.7, 2 759.4, 2 862.6, 2 974.8, 3 169.7, 3 324.9, 3 495.3, 3 549.0, 3 809.5, 3 893.9, 3 986.1, 4 188.5, 4 421.4,..
People's Rep. of China,780.2,831.4,864.2,881.7, 1 029.3, 1 071.3, 1 212.9, 1 371.8, 1 396.2, 1 363.8, 1 356.6, 1 413.4, 1 485.0, 1 619.4, 1 626.0, 1 721.4, 1 842.6, 1 985.5, 2 055.4,2088.9,2200.9,2295.8,2500.7,2599.5,2900.3,2872,2925.7,3020.7,2920.9,3099.7,3256,3511.7,4068.1,4741.8,5407.5,5961.8,6473.2,6669.1,7131.5,7831,8569.7,8818.4,9188.4,9116.3,9093.3,9054.5,9245.6,9528.2,9809.2
"Hong Kong, China",9.2,9.6,9.6,11,10.9,12.6,14.6,15.4,14.3,14.6,15.8,17.1,19.6,21.3,22.3,25.3,27.8,31,32.4,33.3,36.2,40.7,43.2,36.4,36.5,35.2,32.8,41.4,44.5,40.4,41.5,40.1,42.8,40.9,41.3,42.3,44,42.9,46.2,42,45.6,45.1,46.1,47.9,43.9,44.8,44,42.6,..
"China (incl. Hong Kong, China)",789.4,841,873.8,892.7, 1 040.2, 1 083.9, 1 227.5, 1 387.2, 1 410.5, 1 378.4, 1 372.4, 1 430.6, 1 504.6, 1 640.7, 1 648.3, 1 746.7, 1 870.4, 2 016.5, 2 087.7, 2 122.2, 2 237.1, 2 336.5, 2 543.9, 2 635.9, 2 936.8, 2 907.2, 2 958.5, 3 062.2, 2 965.4, 3 140.0, 3 297.4, 3 551.9, 4 110.9, 4 782.7, 5 448.9, 6 004.1, 6 517.2, 6 712.0, 7 177.8, 7 873.0, 8 615.3, 8 863.5, 9 234.4, 9 164.2, 9 137.2, 9 099.2, 9 289.6, 9 570.8,..
Argentina,81.7,83.8,86.8,87.1,84.5,88.3,92.1,90.8,95.8,93.5,91.4,90.9,94.2,93.6,87.1,93.3,98.9,103,100.3,93.5,99.2,101.1,104.3,106.9,107.4,118,120.7,127.7,129.3,128,121.3,114.2,124.1,137.6,141.8,150.3,158.1,162.6,152.1,162.4,171.2,172.6,177.4,173.7,179.6,178,173.9,171.2,..
Bolivia,2.2,2.4,2.5,2.8,3.3,3.6,3.8,4.1,4.1,4.3,4.6,4.9,5,4.6,4.4,4.2,4.3,4.4,4.7,5.2,5.3,5.5,5.8,6.3,7,6.8,6.9,7.2,6.8,7,7.1,7.3,8.1,8.5,9.1,10.2,11,11.9,12.7,13.8,15,15.7,16.9,18.4,18.6,19.8,20.6,21,..
Brazil,87.5,95.1,112.1,121.8,129.6,143.1,147,160.2,169.7,167.8,156.3,156.3,148.4,148.5,156.3,174.9,179.5,182.6,184.8,184.5,191.4,195.9,203.2,210.7,228,246.3,263.3,271,280.1,292.8,299.6,299,293.3,310.8,311.6,315.2,330.8,349.3,325.5,372,391,424.1,453.8,477.5,453.7,418.3,428,406.3,406.5
Colombia,26.7,27.3,28.7,30.8,28.3,30,31,33,33.4,34.8,34.9,35.5,37.4,37.8,39.5,40.2,42.6,43.1,44.8,45.8,47.5,49.4,52.1,52.2,54.5,54.4,58.9,59.3,52,54.2,54.6,52.5,51.8,52,53,53.1,54.1,54.9,58,59.6,64.2,64,71.6,73.2,74,77,69.5,73.1,..
Costa Rica,1.3,1.4,1.6,1.6,1.7,1.8,2.3,2.4,2.4,2.2,2,1.7,1.7,1.8,1.9,2.1,2.2,2.3,2.6,2.6,2.8,3.8,3.8,4.4,4.4,4.2,4.1,4.6,4.6,4.5,4.9,5,5.3,5.3,5.5,6,6.7,6.7,6.4,6.6,6.9,6.9,7.2,7.3,6.9,7.5,7.6,7.6,..
Cuba,20.8,20.2,21.7,23.6,24.2,25.1,27.5,29.7,29.7,30.5,30.4,30.5,33.2,34.6,32.2,32.8,34.6,36.5,37.7,34.1,26.6,21.2,19.6,21.1,22.4,24.4,26.4,26.1,26.9,27.3,26.5,25.2,24.5,24.2,25.1,25.4,26.3,25.5,26.3,29.5,27.8,28.1,26.6,26.2,26.8,27.8,25.1,24.4,..
Curaçao,14.5,14.1,15.6,14.1,10.2,10.8,11,9.3,9.2,8.7,8,7.3,6.8,6.7,4.5,4.3,4,3.5,3,2.7,2.8,2.9,2.3,2.6,2.6,2.7,5.3,5.4,5.4,5.6,5.7,5.4,5.4,5.7,6,5.9,6.4,6.3,5.9,4.4,5.6,5.1,4.6,5.2,5.3,4.5,3.5,2.8,..
Dominican Republic,3.5,4.6,4.6,5,5.2,5.3,5.7,5.8,6.2,6.3,6,5.8,6.8,7.1,6.2,7.1,8.1,8.1,8.7,7.4,7.7,9,9,10.6,11.2,12,13.7,15.8,16.8,17.6,17.8,19.6,17.5,16.2,17.5,18.8,18.9,18.9,18.1,19,19.3,20,19.6,19.5,21.5,22.5,21.5,23.2,..
Ecuador,3.5,3.5,4,5.2,5.9,6.9,8.1,9.2,9.7,10.4,11.8,11.8,11.1,11.2,11.7,11.9,11.6,12.3,12,13.3,13.9,14.8,14,14.9,16.7,19.2,20.4,20.4,17.9,18.3,20.3,20.5,20.7,22.1,23.8,25.6,26,26.5,29.2,31.6,32.1,33.3,35.7,37.4,37.2,35.5,34.4,36.2,..
El Salvador,1.3,1.5,1.7,1.7,1.9,2,2,2,1.9,1.6,1.5,1.5,1.5,1.5,1.6,1.6,2,2.1,2,2.1,2.8,3.2,3.6,4.1,4.6,4,4.9,5.2,5.2,5.2,5.4,5.4,5.9,6.2,6.4,6.7,7.1,6.4,6.2,6,6.3,6.2,6,6.2,6.6,6.8,6,6.4,..
Guatemala,2.3,2.5,2.6,2.7,3,2.9,3.3,3.8,4.2,4.2,3.6,3.2,2.7,3.1,3.2,2.3,2.7,2.9,3,3.2,3.4,4.2,4.6,4.9,5.9,5.7,6,7.6,7.5,8.6,9,9.6,9.7,9.8,10.5,10.5,11.4,10.2,11.3,10.3,10.6,11,11.9,12.6,15,16.1,15.2,16.9,..
Haiti,0.4,0.4,0.4,0.4,0.4,0.6,0.6,0.6,0.7,0.6,0.5,0.7,0.7,0.8,0.8,0.7,0.8,0.9,0.9,0.9,0.9,0.8,0.7,0.2,0.9,1.1,1.3,1.3,1.4,1.5,1.5,1.7,1.7,1.5,1.6,1.6,1.9,1.9,1.9,2.3,2.7,2.4,2.6,2.9,3.2,3.3,3.2,3.2,..
Honduras,1.1,1.2,1.3,1.2,1.3,1.4,1.6,1.6,1.7,1.7,1.6,1.6,1.8,1.9,1.7,1.7,1.9,2.1,2.3,2.2,2.2,2.5,2.6,3,3.6,3.5,3.6,4.3,4.4,4.5,5.3,5.6,6.2,7,6.5,7.4,7.9,7.9,7.4,7.6,8.1,8.5,8.7,8.8,9.2,8.7,8.3,9.1,..
Jamaica,7.7,7.6,8.2,8.1,7.1,6.3,7,7.1,6.9,6.7,6.6,5.6,5.6,5.2,4.7,4.5,4.6,4.8,6.2,7.2,7.2,7.9,8.1,8.2,8.4,8.8,9,9.5,9.7,9.8,9.8,10,10.3,10.3,10.3,11.7,11.8,9.3,7.5,7.1,7.3,6.8,7.2,7,6.9,7.4,6.8,8.2,..
Nicaragua,1.5,1.5,1.7,1.8,1.9,2.1,2.6,2.4,1.6,1.8,1.9,1.9,2,1.8,1.8,2.1,2.2,1.9,1.6,1.8,1.8,2.1,2.1,2.4,2.5,2.7,2.9,3.4,3.4,3.5,3.7,3.8,4.2,4.3,4.1,4.3,4.5,4.3,4.2,4.3,4.5,4.4,4.2,4.5,5,5.1,5.1,4.9,..
Panama,2.5,2.7,2.9,3,3.1,3.1,3.1,2.9,3.1,2.9,2.5,3,3.4,2.8,2.7,2.7,3.1,2.4,2.5,2.6,3,3.5,3.5,3.8,4.1,4.1,4.3,5.4,4.7,4.9,5.9,5.1,5.2,5.2,6.7,7.1,7.1,6.6,8,8.6,9.3,9.6,9.7,10.4,9.8,9.9,9.4,9.3,..
Paraguay,0.6,0.6,0.7,0.7,0.7,0.8,1.1,1.4,1.3,1.3,1.3,1.3,1.2,1.4,1.4,1.5,1.6,1.8,1.8,1.9,1.9,2.3,2.6,3.1,3.5,3.4,3.8,4,4,3.3,3.4,3.6,3.7,3.8,3.5,3.6,3.7,4,4.1,4.8,5,4.9,5.1,5.4,6,6.8,7.7,8.1,..
Peru,15.4,15.4,16.3,17.5,18.2,18.5,18.2,18.4,19.2,20.4,21.2,21.1,17.8,18.6,18.1,19.3,20.9,21.3,19.3,19.2,18.5,19.4,20,20.5,23.3,25.7,25.4,24.4,26.9,26.4,24.3,25.5,24.9,28.8,28.6,28,30.9,35.2,37.7,41.5,44.9,44.1,45.2,48.1,49.5,52.2,49.8,50,..
Suriname,..,..,..,..,..,..,..,..,..,..,..,..,..,..,..,..,..,..,..,..,..,..,..,..,..,..,..,..,..,1.5,1.5,1.1,1.2,1.4,1.7,1.5,1.4,1.4,1.4,1.7,1.9,2.4,2.2,2.6,2.7,2.3,2.1,2,..
Trinidad and Tobago,5.4,5.5,5.7,5.2,4.6,5.2,5.9,5.9,5.9,6.4,7.2,7,6.6,6.8,6.7,6.8,7.2,7.7,7.6,7.9,7.8,8.2,7.9,8.1,8.2,8.5,9.1,9.5,9.5,9.7,11.1,12.3,15,15.7,17,19.4,19.8,19.3,18.5,21,21.6,20.7,21.3,21.2,20.6,17.7,17.6,17.2,..
Uruguay,5,5.4,5.1,4.9,5.2,5.3,5.2,5.3,5.8,5.2,4.9,4.6,3.7,3.3,3.1,3,3.4,4.4,4.8,3.6,4.1,4.5,4.3,3.9,4.4,5.1,5.2,5.4,6.4,5.1,4.5,4.1,4,5.2,5.2,6.1,5.6,7.5,7.2,6,7.2,8.2,7,6.2,6.3,6.2,5.8,6.2,..
Venezuela,45.9,47.4,55,56.3,56.1,59.5,61.6,67,76.4,83.4,84.5,85.4,84.9,85,85.1,84.9,84,84.9,91.6,93.6,92.4,94.6,100.2,100.8,106.1,114.1,118.8,119.7,116,121.2,126.5,133.5,128.4,132.9,140.4,138.6,134.6,142.3,143.7,155.6,149.8,161.2,158,155.8,140.8,129.1,123.4,112.6,..
Other Non-OECD Americas,8.2,9.5,10.4,8.6,10.9,9.6,10.6,11,10.3,10.3,10.7,9.6,8.6,9.3,9.2,9.9,11.1,11.5,12,12.4,12.7,12.3,12.5,12.8,13.4,13.5,13.6,14.1,14.4,14.1,14.9,14.4,14.9,15.3,14.7,14.7,15.6,15.5,16,16.9,12.1,14.9,15.9,15.4,15.2,15.8,15,14.6,..
Non-OECD Americas,338.8,353.6,389.4,404.1,407.3,432.1,451.2,474,499,504.9,493.7,491,485.1,487.4,483.9,511.8,531.4,544.7,554.4,547.8,555.8,569.2,586.8,605.5,643.1,688.1,727.8,751.3,753.2,774.7,784.6,784.5,786,829.6,850.5,871.7,901.5,934.4,909.4,992.7, 1 024.4, 1 075.1, 1 118.5, 1 145.5, 1 120.5, 1 078.3, 1 059.3, 1 034.5,..
Bahrain,2.9,3.3,4.3,5,5.2,5.7,6.3,6.7,7.1,7.2,7.8,8.1,8.5,8.7,9.1,9.8,9.6,10.1,10.3,10.7,10.3,12.2,13,13.3,13.5,14.1,14.3,15.4,15.4,15.8,16.4,17.2,17.9,17.8,20.6,22.4,22.9,24.6,24.5,25.6,25.6,26.1,28.3,29.7,30.1,29.6,29.8,30.2,..
Islamic Rep. of Iran,38.9,43,52,58.7,68,77.8,87.5,86.5,95.8,88.5,90.5,102.3,123,133.2,145,134.6,144,147.5,162.7,171.2,191.3,206.4,208.9,238.3,244.6,251.3,263.6,266.1,298.6,312.3,327.4,343.1,357.4,385.9,417.8,449.3,480.1,487.3,504.3,498.6,507.8,514.5,538.3,559.2,555.8,557,570,579.6,..
Iraq,10.3,11.5,11.8,12.8,15.5,19.3,20.2,22.7,26.5,26.2,25.3,27.2,31.4,33.8,38,42.5,44,49.3,54.5,52.4,43.4,66.4,87.8,98.8,95.1,97.5,114.2,79.2,60.9,70.5,80.3,75.1,69.6,72.9,73.2,69,62.7,72.8,92.3,103.6,110.4,126.6,135.7,140.9,130.8,138.4,139.5,153.3,..
Jordan,1.4,1.5,1.7,1.8,2.2,2.6,2.8,3.4,3.5,4.3,5.3,6,6.5,7.1,7.5,8.2,8.7,8.4,8.5,9.2,9.2,10.6,10.8,11.4,12.2,12.5,13.1,13.6,13.6,15.2,15,15.6,16,17.2,18.5,18.8,19.5,18.4,19.3,18.8,19.8,22.7,22.3,24,23.7,23.1,24.4,23,..
Kuwait,14,15.4,16.2,15.7,15.1,16.4,18.1,19.9,25.6,26.3,26.7,30.1,32.2,32.9,36.5,39.9,42.9,52,60.5,27.6,7.5,21.9,28.1,32.4,32.1,31.2,32.3,38.4,42.2,45.8,49.7,51.5,52.9,56.8,64.8,67.3,67.5,71.6,73.9,77.1,80,82.3,83.8,81.9,86.2,88.1,88,87.8,..
Lebanon,4.6,5,6.4,6.5,5.7,5.2,4.6,5.8,6.3,6.7,6.3,4.7,5.2,5.5,6.6,7.1,7.2,5.5,5.5,5.5,6.9,6.9,10.1,11.1,12.8,13.3,15.3,14.9,15.7,14,15.2,15.2,15.1,15.3,14.5,14.2,12.8,16.3,19.4,18.3,18.6,21.1,20.7,22.5,24.6,25.5,26.9,25.4,..
Oman,0.3,0.3,0.3,0.4,0.7,1.1,1.3,1.5,1.9,2.2,2.5,2.9,3.9,5,5.6,6.2,6.3,6.6,6.8,10.2,14.1,13.4,12.6,12.5,14.7,14.9,15,15.3,17.5,20.4,23,24.7,25.3,25.1,25.2,33.7,37.2,36.2,38.7,42.6,49,54.6,56.7,59.9,63.9,64.8,65.1,68.8,..
Qatar,2.2,2.5,3.5,3,4.9,3.5,4,3.8,6.2,7,8.5,9.2,9.6,10.7,10.7,11.4,11.6,12,12.8,12.4,13.7,14.5,15.3,16.1,16.8,17.6,19.2,20.4,22.6,21.3,22.5,26.6,27.9,30.9,33.2,38.5,44,46.9,48,55.5,62.9,70,71.3,76.9,79.9,81.9,84.3,87,..
Saudi Arabia,12.7,14.4,17.6,20.2,22.5,25.9,34.4,52.9,73.6,99.4,113,125.4,134.9,117.3,117.8,118.5,130.2,138.4,138,151.1,157.3,170.7,180.8,193,191.7,203.5,205.7,220.2,226.1,234.6,238.3,255.3,266.3,282.1,297.1,315.8,333,363.9,379.4,418.2,434.3,463.4,471.2,506.9,531.4,527.8,516.6,491.7,..
Syrian Arab Republic ,5.4,5.1,4.9,7,8.3,9.3,10.1,10.2,13.3,12.3,13.9,16.6,19.6,22,19.5,21,23.8,24.4,23.8,27.2,29.8,28.3,28.3,29.4,31.1,34.2,34.5,37.5,36.6,37,38.9,39.8,40,42.5,53.5,56.7,60,61.9,57,57.3,53.7,43.7,28.6,25.3,23.7,24.9,26.8,25.8,..
United Arab Emirates,2.5,2.6,3.2,3.4,4.9,6.4,10.6,12.3,14.5,19.2,23.3,25.6,24.7,31.9,35.6,40,44.2,45.4,51.9,51.9,59.1,56.5,59.6,65.6,69.6,72.7,76.6,78.3,80.6,79.8,92.7,94.6,98.9,105.1,111.2,115.1,124.3,146.6,148.5,154.6,158.1,168.5,176.8,176.4,186.6,192.1,200.6,192.5,..
Yemen,1.2,1.5,1.9,1.8,1.8,2.2,2.2,2.4,2.6,3.5,3.5,4,4.4,4.5,4.9,5.1,5.6,6.1,6.3,6.3,8.1,8.8,7.8,8.2,9.4,9.7,10.4,11.3,12.6,13.3,14.5,14.6,16.8,17.8,18.8,18.9,20,21.3,23.5,22.4,19.8,18.1,24.7,24.2,11.8,9.6,8.7,8,..
Middle East,96.4,106.1,123.8,136.5,154.8,175.5,202.1,228.1,277,303,326.5,362.1,403.8,412.4,436.9,444.3,478.2,505.9,541.9,535.7,550.9,616.5,663.1,730,743.6,772.6,814.2,810.7,842.4,880.2,933.8,973.2, 1 004.2, 1 069.3, 1 148.3, 1 219.6, 1 283.9, 1 367.8, 1 428.9, 1 492.5, 1 540.0, 1 611.6, 1 658.4, 1 727.9, 1 748.5, 1 762.6, 1 780.7, 1 772.9,..
IEA/Accession/Association, 10 589, 11 084, 11 685, 11 528, 11 396, 12 045, 12 438, 12 712, 13 030, 12 694, 12 452, 12 191, 12 201, 12 707, 12 856, 13 007, 13 435, 13 931, 14 214, 14 297, 14 516, 14 679, 15 041, 15 393, 15 958, 16 393, 16 796, 16 928, 16 962, 17 514, 17 779, 17 985, 18 837, 19 779, 20 533, 21 112, 21 954, 21 962, 21 791, 23 176, 23 829, 24 100, 24 599, 24 525, 24 407, 24 288, 24 632, 25 123,..
European Union - 28,..,..,..,..,..,..,..,..,..,..,..,..,..,..,..,..,..,..,.., 4 024, 4 001, 3 869, 3 797, 3 771, 3 812, 3 933, 3 840, 3 833, 3 772, 3 786, 3 859, 3 839, 3 943, 3 944, 3 922, 3 929, 3 873, 3 788, 3 509, 3 613, 3 479, 3 446, 3 361, 3 175, 3 221, 3 206, 3 214, 3 151,..
G7, 7 692, 8 024, 8 453, 8 220, 7 872, 8 299, 8 472, 8 519, 8 686, 8 318, 8 107, 7 774, 7 719, 7 982, 8 016, 7 980, 8 159, 8 457, 8 559, 8 491, 8 471, 8 500, 8 561, 8 670, 8 758, 9 006, 9 216, 9 261, 9 290, 9 499, 9 490, 9 363, 9 497, 9 557, 9 570, 9 433, 9 526, 9 243, 8 609, 8 978, 8 734, 8 569, 8 697, 8 541, 8 391, 8 264, 8 150, 8 236, 8 000
G8,..,..,..,..,..,..,..,..,..,..,..,..,..,..,..,..,..,..,.., 10 654, 10 608, 10 460, 10 361, 10 267, 10 306, 10 527, 10 630, 10 668, 10 733, 10 974, 10 964, 10 829, 10 990, 11 045, 11 052, 10 971, 11 060, 10 797, 10 050, 10 507, 10 339, 10 177, 10 266, 10 092, 9 925, 9 775, 9 687, 9 823,..
G20,..,..,..,..,..,..,..,..,..,..,..,..,..,..,..,..,..,..,.., 16 788, 16 933, 16 898, 17 089, 17 218, 17 720, 18 127, 18 402, 18 553, 18 600, 19 190, 19 451, 19 647, 20 552, 21 484, 22 243, 22 906, 23 759, 23 805, 23 519, 25 004, 25 765, 26 038, 26 481, 26 434, 26 317, 26 166, 26 521, 27 035,..
Africa,249,264,286,300,325,353,363,353,370,398,422,431,437,453,466,471,499,510,522,531,536,545,554,555,579,601,634,651,651,663,726,753,787,838,869,886,921,979,969, 1 025, 1 025, 1 086, 1 125, 1 173, 1 166, 1 175, 1 204, 1 245,..
Americas, 5 083, 5 367, 5 594, 5 477, 5 292, 5 601, 5 807, 5 838, 5 921, 5 749, 5 671, 5 447, 5 401, 5 619, 5 653, 5 636, 5 831, 6 086, 6 193, 6 047, 6 029, 6 131, 6 270, 6 402, 6 484, 6 719, 7 063, 7 166, 7 189, 7 416, 7 390, 7 260, 7 366, 7 494, 7 559, 7 486, 7 645, 7 488, 7 032, 7 380, 7 223, 7 052, 7 236, 7 254, 7 122, 6 990, 6 906, 7 055,..
Asia,..,..,..,..,..,..,..,..,..,..,..,..,..,..,..,..,..,..,.., 5 848, 6 086, 6 290, 6 591, 6 866, 7 323, 7 432, 7 625, 7 667, 7 780, 8 176, 8 431, 8 847, 9 565, 10 488, 11 330, 12 115, 12 966, 13 343, 13 889, 14 988, 16 056, 16 599, 17 072, 17 243, 17 315, 17 423, 17 872, 18 330,..
Europe,..,..,..,..,..,..,..,..,..,..,..,..,..,..,..,..,..,..,.., 7 173, 7 063, 6 645, 6 318, 5 978, 5 953, 6 006, 5 796, 5 764, 5 718, 5 758, 5 839, 5 816, 5 982, 5 963, 5 919, 5 996, 5 941, 5 870, 5 423, 5 644, 5 598, 5 556, 5 424, 5 175, 5 160, 5 135, 5 143, 5 142,..
Oceania,161,168,179,197,201,205,220,214,219,228,230,237,225,232,245,245,257,267,280,287,289,294,298,305,315,327,336,357,364,372,381,389,391,405,410,415,424,429,432,426,423,425,419,411,419,427,431,430,..
